Source File	Size	loadResources	load	generateSnapshots	load-configure	scan	loadDepInfo	loadInfo	checkR4R4B	generateNarratives	validate	loadLists	checkConformanceResources	checkConformanceResources2	checkConformanceResources3	generateLogicalMaps	validateExpressions	scanForUsageStats	checkURLsUnique	processProvenanceDetails	translate	generate1	generate2	generateLogicals	makeDependencies	generateExampleZip	generateValidationPack	scanProfilesForR5	scanExamplesForR5
/fsh-generated/resources/ImplementationGuide-nl.twiin.fhir.r4.notifications.json	8503	-	0	0	0	0	0	0	6	18	0	0	0	0	0	0	0	1	0	0	0	130	144	0	0	0	1	0	1
fsh-generated/resources/Bundle-events-response-auth.json	2503	1	3	0	2	0	0	0	0	1	0	0	0	0	0	0	0	0	0	0	0	49	895	0	0	0	0	0	0
fsh-generated/resources/Bundle-notification-event-empty.json	1736	0	0	0	0	0	0	0	1	0	0	0	0	0	0	0	0	0	0	0	0	61	165	0	0	0	0	0	0
fsh-generated/resources/Bundle-notification-event-full-resource.json	2418	1	2	0	0	0	0	0	0	1	0	0	0	0	0	0	0	0	0	0	0	49	171	0	0	0	0	0	0
fsh-generated/resources/Bundle-notification-event-id-only.json	2238	0	0	0	0	0	0	0	0	1	0	0	0	0	0	0	0	0	0	0	0	47	172	0	0	0	0	0	0
fsh-generated/resources/Bundle-notification-handshake.json	1390	0	0	0	0	0	0	0	1	0	0	0	0	0	0	0	0	0	0	0	0	56	126	0	0	0	0	0	0
fsh-generated/resources/Bundle-notification-heartbeat.json	1499	1	1	0	0	0	0	0	0	0	0	0	0	0	0	0	0	0	0	0	0	36	123	0	0	0	0	0	0
fsh-generated/resources/Bundle-status-response.json	1363	0	1	0	0	0	0	0	0	0	0	0	0	0	0	0	0	0	0	0	0	36	162	0	0	0	0	0	0
fsh-generated/resources/CapabilityStatement-twiin-subscription-server.json	7289	1	0	0	0	0	0	0	1	15	0	0	0	0	0	0	0	0	0	0	0	112	156	0	0	0	0	0	1
fsh-generated/resources/StructureDefinition-twiin-subscription-notification.json	3565	0	0	23	0	0	0	0	0	15	0	0	1	0	0	0	0	1	0	0	0	703	5910	0	0	0	4	1	1
fsh-generated/resources/StructureDefinition-twiin-subscription-status.json	4599	0	0	16	0	0	0	0	0	8	0	0	0	0	0	0	0	1	0	0	0	697	4734	0	1	0	4	0	3
fsh-generated/resources/StructureDefinition-twiin-subscription.json	2052	1	0	429	0	0	0	0	0	6	0	0	1	0	0	0	0	0	0	0	0	380	2885	0	0	0	1	1	1
fsh-generated/resources/Subscription-7f3e9a2c-5d18-4b6f-9c3a-8e2d4f6b1a59.json	978	0	0	0	0	0	0	0	0	249	0	0	0	0	0	0	0	0	0	0	0	46	193	0	0	0	0	0	0
fsh-generated/resources/Subscription-subscription-create-id-only.json	975	0	0	0	1	0	0	0	0	3	0	0	0	0	0	0	0	0	0	0	0	64	180	0	0	0	0	0	0
fsh-generated/resources/ValueSet-twiin-notification-formats.json	786	0	0	0	0	0	0	0	0	647	0	0	0	0	0	0	0	0	0	0	0	48	524	0	0	0	0	0	0
/input/includes/fragment-pagebegin.html	6966	-	-	-	0	0	0	0	0	0	0	0	0	0	0	0	0	0	0	0	0	0	2	0	0	0	0	0	0
/fsh-generated/includes/fsh-link-references.md	994	-	-	-	0	0	0	0	0	0	0	0	0	0	0	0	0	0	0	0	0	0	4	0	0	0	0	0	0
/fsh-generated/includes/menu.xml	1194	-	-	-	0	0	0	0	0	0	0	0	0	0	0	0	0	0	0	0	0	0	3	0	0	0	0	0	0
/input/pagecontent/requirements-not-in-artifacts.md	2212	-	-	-	0	0	0	0	0	0	0	0	0	0	0	0	0	0	0	0	0	0	4	0	0	0	0	0	0
/input/pagecontent/artifacts-overview.md	4305	-	-	-	0	0	0	0	0	0	0	0	0	0	0	0	0	0	0	0	0	0	6	0	0	0	0	0	0
/input/pagecontent/index.md	1143	-	-	-	0	0	0	0	0	0	0	0	0	0	0	0	0	0	0	0	0	0	1	0	0	0	0	0	0
/template/config	0	-	-	-	0	0	0	0	0	0	0	0	0	0	0	0	0	0	0	0	0	0	0	0	0	0	0	0	0
/template/config/_config.yml	140	-	-	-	0	0	0	0	0	0	0	0	0	0	0	0	0	0	0	0	0	0	0	0	0	0	0	0	0
/input/images	0	-	-	-	0	0	0	0	0	0	0	0	0	0	0	0	0	0	0	0	0	0	0	0	0	0	0	0	0
/input/images/assets	0	-	-	-	0	0	0	0	0	0	0	0	0	0	0	0	0	0	0	0	0	0	0	0	0	0	0	0	0
/input/images/assets/js	0	-	-	-	0	0	0	0	0	0	0	0	0	0	0	0	0	0	0	0	0	0	0	0	0	0	0	0	0
/input/images/assets/js/lang-redirects.js	511	-	-	-	0	0	0	0	0	0	0	0	0	0	0	0	0	0	0	0	0	0	2	0	0	0	0	0	0
/temp/pages/_includes/artifacts.xml	12310	-	-	-	-	-	-	-	-	-	-	-	-	-	-	-	-	-	-	-	-	-	5	0	0	0	0	0	0
